fixed acidity;volatile acidity; citrid acid;residual sugar;chlorides;free sulfur dioxide;total sulfur dioxide;density;pH;sulphates;alcohol
6.0;0.330;0.30;5.2;0.040;40.0;150.0;0.99612;3.00;0.30;9.2
7.3;0.250;0.34;6.0;0.052;10.0;130.0;0.99400;3.00;0.45;9.5
5.8;0.400;0.50;6.7;0.060;30.0;150.0;0.98791;3.10;0.45;10.8
6.9;0.520;0.48;3.6;0.080;18.0;50.0;0.98327;3.58;0.71;11.3
8.0;0.380;0.52;4.5;0.057;22.0;72.0;0.99945;3.50;0.70;9.0
